{
 "Reprojection_error": 0.0710645860697248,
 "Intrinsics_matrix": [
  [
   637.3508209534953,
   0.0,
   646.6180857775074
  ],
  [
   0.0,
   637.1959191498277,
   365.5417449197483
  ],
  [
   0.0,
   0.0,
   1.0
  ]
 ],
 "Intrinsics_labels": [
  "width",
  "height",
  "fx",
  "fy",
  "cx",
  "cy"
 ],
 "Intrinsics_values": [
  1280,
  720,
  637.3508209534953,
  637.1959191498277,
  646.6180857775074,
  365.5417449197483
 ],
 "Distortion_coefficients": [
  -0.055482329046987786,
  0.06857301903578543,
  0.00031294875505472774,
  0.00044954635560852114,
  -0.02644536865915516
 ],
 "Extrinsics": {
  "Translation": [
   0.01163429187403367,
   -0.11855511506488682,
   0.07520151029024344
  ],
  "Quaternion": [
   0.003415991873622828,
   0.0010699718733678022,
   -0.0008094939547657992,
   0.999993265416946
  ],
  "xyzquat": [
   0.01163429187403367,
   -0.11855511506488682,
   0.07520151029024344,
   0.003415991873622828,
   0.0010699718733678022,
   -0.0008094939547657992,
   0.999993265416946
  ]
 },
 "Final_handeye": {
  "xyzquat": [
   -0.04745986714878898,
   -0.11839675003827933,
   0.07570007395918135,
   0.5017985616112834,
   -0.5007899647571918,
   0.49727761439227663,
   0.5001225739632872
  ],
  "parent": "world/tool0",
  "child": "D455_link"
 }
}